"","ACEPEN.Sum.Sq","ACEPEN.Df","ACEPEN.F.value","ACEPEN.Pr..F.","ACERUB.Sum.Sq","ACERUB.Df","ACERUB.F.value","ACERUB.Pr..F.","ACESAC.Sum.Sq","ACESAC.Df","ACESAC.F.value","ACESAC.Pr..F.","BETALL.Sum.Sq","BETALL.Df","BETALL.F.value","BETALL.Pr..F.","BETPAP.Sum.Sq","BETPAP.Df","BETPAP.F.value","BETPAP.Pr..F.","FAGGRA.Sum.Sq","FAGGRA.Df","FAGGRA.F.value","FAGGRA.Pr..F.","ILEMUC.Sum.Sq","ILEMUC.Df","ILEMUC.F.value","ILEMUC.Pr..F.","POPGRA.Sum.Sq","POPGRA.Df","POPGRA.F.value","POPGRA.Pr..F.","QUERUB.Sum.Sq","QUERUB.Df","QUERUB.F.value","QUERUB.Pr..F."
"as.factor(chilling)",149.411452088833,2,1.20120785114231,0.304854303152001,0.623000678781864,2,0.0046646075046243,0.995346473627742,65.4065000293022,2,0.455327820655118,0.636310679420558,525.945884516495,2,4.99854968848588,0.00808042571519818,6.00244615491465,2,0.0362694059936663,0.964390433941077,144.414147634895,2,1.65859674846462,0.198362027055544,26.4892033619285,2,0.536290783665195,0.586154675479531,54.6294030955032,2,0.391884742476669,0.676847028831235,35.6082359335169,2,0.453536048899118,0.63641059002019
"as.factor(warm)",4909.59165342903,1,78.9422759440871,1.68781193057074e-14,1731.00282962857,1,25.921155673214,1.69766690431343e-06,259.139688805035,1,3.60800561705583,0.0620821455034307,1463.29570851727,1,27.8141022614745,5.31570903794774e-07,1776.22671516995,1,21.4654779756907,8.79809042526839e-06,611.197253418939,1,14.0392031361643,0.00038258602496443,2262.34256885671,1,91.6051307843459,6.99699749580624e-17,2405.72937741968,1,34.5150627361064,5.9492835306525e-08,680.825993778506,1,17.3431299310997,5.74405153842223e-05
"as.factor(photo)",1309.59029169465,1,21.0571561707073,1.21851357399317e-05,462.779928322653,1,6.92996588980983,0.00983455281081255,231.410372469128,1,3.22192994660018,0.0774549276708977,632.829139274073,1,12.0287200265525,0.000707812135349519,1105.07523671649,1,13.3546961953837,0.000375826250546148,1.0514786835065,1,0.024152469188169,0.876979207741253,1035.85312262553,1,41.9430116719402,1.6130883154662e-09,1019.77925890144,1,14.6307998847798,0.000231315164015399,369.525213477418,1,9.41315967474825,0.0026379021806952
"Residuals",6654.56247155811,107,NA,NA,6611.17437407761,99,NA,NA,4524.88220016665,63,NA,NA,6944.50001328354,132,NA,NA,10509.0039495999,127,NA,NA,2829.77752276367,65,NA,NA,3334.05175213011,135,NA,NA,6760.98291907766,97,NA,NA,4946.28567951068,126,NA,NA
